{"cameraMode":{"drawMode":0,"name":"Shaded","section":"Shading Mode"},"sceneLighting":true,"audioPlay":false,"sceneViewState":{"showFog":true,"showMaterialUpdate":false,"showSkybox":true,"showFlares":true,"showImageEffects":true,"showParticleSystems":true},"in2DMode":false,"pivot":{"x":39.68181610107422,"y":12.307095527648926,"z":33.986820220947269},"rotation":{"x":-0.027179157361388208,"y":0.5195349454879761,"z":-0.016519103199243547,"w":-0.8538861870765686},"size":2.0138213634490969,"orthographic":false}