{"cameraMode":{"drawMode":0,"name":"Shaded","section":"Shading Mode"},"sceneLighting":true,"audioPlay":false,"sceneViewState":{"showFog":true,"showMaterialUpdate":false,"showSkybox":true,"showFlares":true,"showImageEffects":true,"showParticleSystems":true},"in2DMode":false,"pivot":{"x":23.594690322875978,"y":12.513733863830567,"z":25.552093505859376},"rotation":{"x":-0.011033461429178715,"y":0.9875732064247131,"z":-0.08198163658380509,"w":-0.13415829837322236},"size":7.286365985870361,"orthographic":false}