{"cameraMode":{"drawMode":0,"name":"Shaded","section":"Shading Mode"},"sceneLighting":true,"audioPlay":false,"sceneViewState":{"showFog":true,"showMaterialUpdate":false,"showSkybox":true,"showFlares":true,"showImageEffects":true,"showParticleSystems":true},"in2DMode":false,"pivot":{"x":37.745304107666019,"y":11.222956657409668,"z":37.0108642578125},"rotation":{"x":-0.027179157361388208,"y":0.5195349454879761,"z":-0.016519103199243547,"w":-0.8538861870765686},"size":1.5861785411834717,"orthographic":false}